--
-- PostgreSQL database dump
--

-- Dumped from database version 17.2 (Homebrew)
-- Dumped by pg_dump version 17.2 (Homebrew)

SET statement_timeout = 0;
SET lock_timeout = 0;
SET idle_in_transaction_session_timeout = 0;
SET transaction_timeout = 0;
SET client_encoding = 'UTF8';
SET standard_conforming_strings = on;
SELECT pg_catalog.set_config('search_path', '', false);
SET check_function_bodies = false;
SET xmloption = content;
SET client_min_messages = warning;
SET row_security = off;

SET default_tablespace = '';

SET default_table_access_method = heap;

--
-- Name: auth_group; Type: TABLE; Schema: public; Owner: postgres
--

CREATE TABLE public.auth_group (
    id integer NOT NULL,
    name character varying(150) NOT NULL
);


ALTER TABLE public.auth_group OWNER TO postgres;

--
-- Name: auth_group_id_seq; Type: SEQUENCE; Schema: public; Owner: postgres
--

ALTER TABLE public.auth_group ALTER COLUMN id ADD GENERATED BY DEFAULT AS IDENTITY (
    SEQUENCE NAME public.auth_group_id_seq
    START WITH 1
    INCREMENT BY 1
    NO MINVALUE
    NO MAXVALUE
    CACHE 1
);


--
-- Name: auth_group_permissions; Type: TABLE; Schema: public; Owner: postgres
--

CREATE TABLE public.auth_group_permissions (
    id bigint NOT NULL,
    group_id integer NOT NULL,
    permission_id integer NOT NULL
);


ALTER TABLE public.auth_group_permissions OWNER TO postgres;

--
-- Name: auth_group_permissions_id_seq; Type: SEQUENCE; Schema: public; Owner: postgres
--

ALTER TABLE public.auth_group_permissions ALTER COLUMN id ADD GENERATED BY DEFAULT AS IDENTITY (
    SEQUENCE NAME public.auth_group_permissions_id_seq
    START WITH 1
    INCREMENT BY 1
    NO MINVALUE
    NO MAXVALUE
    CACHE 1
);


--
-- Name: auth_permission; Type: TABLE; Schema: public; Owner: postgres
--

CREATE TABLE public.auth_permission (
    id integer NOT NULL,
    name character varying(255) NOT NULL,
    content_type_id integer NOT NULL,
    codename character varying(100) NOT NULL
);


ALTER TABLE public.auth_permission OWNER TO postgres;

--
-- Name: auth_permission_id_seq; Type: SEQUENCE; Schema: public; Owner: postgres
--

ALTER TABLE public.auth_permission ALTER COLUMN id ADD GENERATED BY DEFAULT AS IDENTITY (
    SEQUENCE NAME public.auth_permission_id_seq
    START WITH 1
    INCREMENT BY 1
    NO MINVALUE
    NO MAXVALUE
    CACHE 1
);


--
-- Name: auth_user; Type: TABLE; Schema: public; Owner: postgres
--

CREATE TABLE public.auth_user (
    id integer NOT NULL,
    password character varying(128) NOT NULL,
    last_login timestamp with time zone,
    is_superuser boolean NOT NULL,
    username character varying(150) NOT NULL,
    first_name character varying(150) NOT NULL,
    last_name character varying(150) NOT NULL,
    email character varying(254) NOT NULL,
    is_staff boolean NOT NULL,
    is_active boolean NOT NULL,
    date_joined timestamp with time zone NOT NULL
);


ALTER TABLE public.auth_user OWNER TO postgres;

--
-- Name: auth_user_groups; Type: TABLE; Schema: public; Owner: postgres
--

CREATE TABLE public.auth_user_groups (
    id bigint NOT NULL,
    user_id integer NOT NULL,
    group_id integer NOT NULL
);


ALTER TABLE public.auth_user_groups OWNER TO postgres;

--
-- Name: auth_user_groups_id_seq; Type: SEQUENCE; Schema: public; Owner: postgres
--

ALTER TABLE public.auth_user_groups ALTER COLUMN id ADD GENERATED BY DEFAULT AS IDENTITY (
    SEQUENCE NAME public.auth_user_groups_id_seq
    START WITH 1
    INCREMENT BY 1
    NO MINVALUE
    NO MAXVALUE
    CACHE 1
);


--
-- Name: auth_user_id_seq; Type: SEQUENCE; Schema: public; Owner: postgres
--

ALTER TABLE public.auth_user ALTER COLUMN id ADD GENERATED BY DEFAULT AS IDENTITY (
    SEQUENCE NAME public.auth_user_id_seq
    START WITH 1
    INCREMENT BY 1
    NO MINVALUE
    NO MAXVALUE
    CACHE 1
);


--
-- Name: auth_user_user_permissions; Type: TABLE; Schema: public; Owner: postgres
--

CREATE TABLE public.auth_user_user_permissions (
    id bigint NOT NULL,
    user_id integer NOT NULL,
    permission_id integer NOT NULL
);


ALTER TABLE public.auth_user_user_permissions OWNER TO postgres;

--
-- Name: auth_user_user_permissions_id_seq; Type: SEQUENCE; Schema: public; Owner: postgres
--

ALTER TABLE public.auth_user_user_permissions ALTER COLUMN id ADD GENERATED BY DEFAULT AS IDENTITY (
    SEQUENCE NAME public.auth_user_user_permissions_id_seq
    START WITH 1
    INCREMENT BY 1
    NO MINVALUE
    NO MAXVALUE
    CACHE 1
);


--
-- Name: django_admin_log; Type: TABLE; Schema: public; Owner: postgres
--

CREATE TABLE public.django_admin_log (
    id integer NOT NULL,
    action_time timestamp with time zone NOT NULL,
    object_id text,
    object_repr character varying(200) NOT NULL,
    action_flag smallint NOT NULL,
    change_message text NOT NULL,
    content_type_id integer,
    user_id integer NOT NULL,
    CONSTRAINT django_admin_log_action_flag_check CHECK ((action_flag >= 0))
);


ALTER TABLE public.django_admin_log OWNER TO postgres;

--
-- Name: django_admin_log_id_seq; Type: SEQUENCE; Schema: public; Owner: postgres
--

ALTER TABLE public.django_admin_log ALTER COLUMN id ADD GENERATED BY DEFAULT AS IDENTITY (
    SEQUENCE NAME public.django_admin_log_id_seq
    START WITH 1
    INCREMENT BY 1
    NO MINVALUE
    NO MAXVALUE
    CACHE 1
);


--
-- Name: django_content_type; Type: TABLE; Schema: public; Owner: postgres
--

CREATE TABLE public.django_content_type (
    id integer NOT NULL,
    app_label character varying(100) NOT NULL,
    model character varying(100) NOT NULL
);


ALTER TABLE public.django_content_type OWNER TO postgres;

--
-- Name: django_content_type_id_seq; Type: SEQUENCE; Schema: public; Owner: postgres
--

ALTER TABLE public.django_content_type ALTER COLUMN id ADD GENERATED BY DEFAULT AS IDENTITY (
    SEQUENCE NAME public.django_content_type_id_seq
    START WITH 1
    INCREMENT BY 1
    NO MINVALUE
    NO MAXVALUE
    CACHE 1
);


--
-- Name: django_migrations; Type: TABLE; Schema: public; Owner: postgres
--

CREATE TABLE public.django_migrations (
    id bigint NOT NULL,
    app character varying(255) NOT NULL,
    name character varying(255) NOT NULL,
    applied timestamp with time zone NOT NULL
);


ALTER TABLE public.django_migrations OWNER TO postgres;

--
-- Name: django_migrations_id_seq; Type: SEQUENCE; Schema: public; Owner: postgres
--

ALTER TABLE public.django_migrations ALTER COLUMN id ADD GENERATED BY DEFAULT AS IDENTITY (
    SEQUENCE NAME public.django_migrations_id_seq
    START WITH 1
    INCREMENT BY 1
    NO MINVALUE
    NO MAXVALUE
    CACHE 1
);


--
-- Name: django_session; Type: TABLE; Schema: public; Owner: postgres
--

CREATE TABLE public.django_session (
    session_key character varying(40) NOT NULL,
    session_data text NOT NULL,
    expire_date timestamp with time zone NOT NULL
);


ALTER TABLE public.django_session OWNER TO postgres;

--
-- Name: tasks_employee; Type: TABLE; Schema: public; Owner: postgres
--

CREATE TABLE public.tasks_employee (
    id bigint NOT NULL,
    name character varying(100) NOT NULL,
    email character varying(254) NOT NULL
);


ALTER TABLE public.tasks_employee OWNER TO postgres;

--
-- Name: tasks_employee_id_seq; Type: SEQUENCE; Schema: public; Owner: postgres
--

ALTER TABLE public.tasks_employee ALTER COLUMN id ADD GENERATED BY DEFAULT AS IDENTITY (
    SEQUENCE NAME public.tasks_employee_id_seq
    START WITH 1
    INCREMENT BY 1
    NO MINVALUE
    NO MAXVALUE
    CACHE 1
);


--
-- Name: tasks_project; Type: TABLE; Schema: public; Owner: postgres
--

CREATE TABLE public.tasks_project (
    id bigint NOT NULL,
    name character varying(100) NOT NULL,
    description text,
    start_date date NOT NULL
);


ALTER TABLE public.tasks_project OWNER TO postgres;

--
-- Name: tasks_project_id_seq; Type: SEQUENCE; Schema: public; Owner: postgres
--

ALTER TABLE public.tasks_project ALTER COLUMN id ADD GENERATED BY DEFAULT AS IDENTITY (
    SEQUENCE NAME public.tasks_project_id_seq
    START WITH 1
    INCREMENT BY 1
    NO MINVALUE
    NO MAXVALUE
    CACHE 1
);


--
-- Name: tasks_task; Type: TABLE; Schema: public; Owner: postgres
--

CREATE TABLE public.tasks_task (
    id bigint NOT NULL,
    title character varying(250) NOT NULL,
    description text NOT NULL,
    due_date date NOT NULL,
    status character varying(100) NOT NULL,
    is_completed boolean NOT NULL,
    created_task timestamp with time zone NOT NULL,
    updated_at timestamp with time zone NOT NULL,
    project_id bigint NOT NULL
);


ALTER TABLE public.tasks_task OWNER TO postgres;

--
-- Name: tasks_task_assigned_to; Type: TABLE; Schema: public; Owner: postgres
--

CREATE TABLE public.tasks_task_assigned_to (
    id bigint NOT NULL,
    task_id bigint NOT NULL,
    employee_id bigint NOT NULL
);


ALTER TABLE public.tasks_task_assigned_to OWNER TO postgres;

--
-- Name: tasks_task_assigned_to_id_seq; Type: SEQUENCE; Schema: public; Owner: postgres
--

ALTER TABLE public.tasks_task_assigned_to ALTER COLUMN id ADD GENERATED BY DEFAULT AS IDENTITY (
    SEQUENCE NAME public.tasks_task_assigned_to_id_seq
    START WITH 1
    INCREMENT BY 1
    NO MINVALUE
    NO MAXVALUE
    CACHE 1
);


--
-- Name: tasks_task_id_seq; Type: SEQUENCE; Schema: public; Owner: postgres
--

ALTER TABLE public.tasks_task ALTER COLUMN id ADD GENERATED BY DEFAULT AS IDENTITY (
    SEQUENCE NAME public.tasks_task_id_seq
    START WITH 1
    INCREMENT BY 1
    NO MINVALUE
    NO MAXVALUE
    CACHE 1
);


--
-- Name: tasks_taskdetails; Type: TABLE; Schema: public; Owner: postgres
--

CREATE TABLE public.tasks_taskdetails (
    id bigint NOT NULL,
    priority character varying(1) NOT NULL,
    notes text,
    task_id bigint NOT NULL
);


ALTER TABLE public.tasks_taskdetails OWNER TO postgres;

--
-- Name: tasks_taskdetails_id_seq; Type: SEQUENCE; Schema: public; Owner: postgres
--

ALTER TABLE public.tasks_taskdetails ALTER COLUMN id ADD GENERATED BY DEFAULT AS IDENTITY (
    SEQUENCE NAME public.tasks_taskdetails_id_seq
    START WITH 1
    INCREMENT BY 1
    NO MINVALUE
    NO MAXVALUE
    CACHE 1
);


--
-- Data for Name: auth_group; Type: TABLE DATA; Schema: public; Owner: postgres
--

COPY public.auth_group (id, name) FROM stdin;
\.


--
-- Data for Name: auth_group_permissions; Type: TABLE DATA; Schema: public; Owner: postgres
--

COPY public.auth_group_permissions (id, group_id, permission_id) FROM stdin;
\.


--
-- Data for Name: auth_permission; Type: TABLE DATA; Schema: public; Owner: postgres
--

COPY public.auth_permission (id, name, content_type_id, codename) FROM stdin;
1	Can add log entry	1	add_logentry
2	Can change log entry	1	change_logentry
3	Can delete log entry	1	delete_logentry
4	Can view log entry	1	view_logentry
5	Can add permission	2	add_permission
6	Can change permission	2	change_permission
7	Can delete permission	2	delete_permission
8	Can view permission	2	view_permission
9	Can add group	3	add_group
10	Can change group	3	change_group
11	Can delete group	3	delete_group
12	Can view group	3	view_group
13	Can add user	4	add_user
14	Can change user	4	change_user
15	Can delete user	4	delete_user
16	Can view user	4	view_user
17	Can add content type	5	add_contenttype
18	Can change content type	5	change_contenttype
19	Can delete content type	5	delete_contenttype
20	Can view content type	5	view_contenttype
21	Can add session	6	add_session
22	Can change session	6	change_session
23	Can delete session	6	delete_session
24	Can view session	6	view_session
25	Can add employee	7	add_employee
26	Can change employee	7	change_employee
27	Can delete employee	7	delete_employee
28	Can view employee	7	view_employee
29	Can add project	8	add_project
30	Can change project	8	change_project
31	Can delete project	8	delete_project
32	Can view project	8	view_project
33	Can add task	9	add_task
34	Can change task	9	change_task
35	Can delete task	9	delete_task
36	Can view task	9	view_task
37	Can add task details	10	add_taskdetails
38	Can change task details	10	change_taskdetails
39	Can delete task details	10	delete_taskdetails
40	Can view task details	10	view_taskdetails
\.


--
-- Data for Name: auth_user; Type: TABLE DATA; Schema: public; Owner: postgres
--

COPY public.auth_user (id, password, last_login, is_superuser, username, first_name, last_name, email, is_staff, is_active, date_joined) FROM stdin;
29	pbkdf2_sha256$870000$4P6amttjG1U7fIzfjupPNB$+B2y1NayOtBFxrtQJovPAsvv0m3GWS0j693EzCNjJr8=	\N	f	new3	asdfvsdfsdf	DDFFDAFSDFAF	cp5osmgnfo@bltiwd.com	f	t	2025-01-30 19:34:16.588223+06
2	pbkdf2_sha256$870000$u7jNOd8iuGp677KbQ1C8Dd$Mcgo0Rycpv6hUocY66AfI27mITnngfyxA4MLHJ0zO2M=	\N	f	test				f	t	2025-01-28 11:37:09.864944+06
3	pbkdf2_sha256$870000$Aylay307GhK3yGol1OQeRI$ndXDh35sf3PBttvPp2h8lC+hUSgCh3u8m/uO6hvNGkg=	\N	f	test2	jajk	lskl	s@gma.com	f	t	2025-01-28 13:27:19.122011+06
4		\N	f	sggsdgfd	sdfgd	sgfdgsd	fdsf@gamil.com	f	t	2025-01-28 15:39:09.341033+06
5		\N	f	zsfgs	sdfsdf	dsfas	sadfs@gmail.com	f	t	2025-01-28 16:06:38.768483+06
6		\N	f	zzzz	sdfsdf	dsfas	sadfs@gmail.com	f	t	2025-01-28 16:07:32.92457+06
7		\N	f	zsfgsZZ	sdfsdf	dsfas	sadfs@gmail.com	f	t	2025-01-28 16:08:31.136735+06
8		\N	f	zsfgsDAS	sdfsdf	dsfas	sadfs@gmail.com	f	t	2025-01-28 16:13:24.376074+06
9		\N	f	zsfgsDASA	sdfsdfA	dsfas	sadfs@gmail.com	f	t	2025-01-28 16:14:23.697812+06
10	pbkdf2_sha256$870000$dwGh5ikp8EnOKlx7kcP9oP$lhyIVzCv3PsdB8/HViuE7j++qcfNkdD6heRSDwQ1npc=	\N	f	zsfgsDASAd	sdfsdfA	dsfas	sadfs@gmail.com	f	t	2025-01-28 16:23:27.108168+06
11	pbkdf2_sha256$870000$txKT5UZtQ6F25SOeTYmRlA$Mblp5ojosjt5uqVomoG1MKP3jyhID2e5fbTBURMHdC4=	\N	f	zsfgsDASAda	sdfsdfA	dsfas	sadfs@gmail.com	f	t	2025-01-28 16:25:15.099656+06
12	pbkdf2_sha256$870000$AWEzxu3BoCwXK2KTQcZpw2$mDNL2WJ+NyyJ+vYICTa9lXsiEdHso6Fmb6CFkWKmg0s=	\N	f	zsfgsDASAdaaaa	sdfsdfA	dsfas	sadfs@gmail.com	f	t	2025-01-28 16:30:01.515733+06
13		\N	f	dfsd	dsd	sda	asd@gmail.com	f	t	2025-01-28 16:35:43.019671+06
14		\N	f	dfsdsr	dsd	sda	asd@gmail.com	f	t	2025-01-28 16:38:25.521592+06
15		\N	f	dfsdsrsasd	dsd	sda	asd@gmail.com	f	t	2025-01-28 16:39:36.85335+06
16		\N	f	dfsdsrssss	dsd	sda	asd@gmail.com	f	t	2025-01-28 16:45:48.053293+06
17		\N	f	sfsfdsfdsf	dsaf	asdfa	a@ggm.com	f	t	2025-01-28 16:47:11.954791+06
18		\N	f	asdfdsfasdfs	asdfasd	asdf	sds@gmail.com	f	t	2025-01-28 16:50:44.41152+06
19		\N	f	test4	33	qwre	qwre@gmail.com	f	t	2025-01-28 17:39:35.695345+06
20		\N	f	test5	33	qwre	qwre@gmail.com	f	t	2025-01-28 17:43:28.721757+06
21		\N	f	test6	were	sgdf	s@gamil.com	f	t	2025-01-28 17:44:10.057149+06
22		\N	f	test7	asdf	asdf	s@gmail.com	f	t	2025-01-28 18:38:38.504557+06
23		\N	f	test88	adfds	lskl	r@gmail.com	f	t	2025-01-28 18:40:49.470272+06
24	!XK4ALWx9SYU7sJ8Zx0r1t6h4Y7SHOUCxr0qqVaeN	\N	f	test10	saeed	j	cp5osmgnfo@bltiwd.com	f	f	2025-01-30 16:55:14.345319+06
25	!4nWNPeWBSIpYURYH1L3iANdfS7IA6jvAbq0djZZ0	\N	f	test11	Rock	Nigght	cp5osmgnfo@bltiwd.com	f	f	2025-01-30 16:59:43.228324+06
27	pbkdf2_sha256$870000$MbutKbRJunBTpjpEqITa55$RcB9gjxMZvR83mXojX8BKq1CvCDzj74XKgoQTEi4qZ0=	\N	f	new	asdfasd	asdfaf	cp5osmgnfo@bltiwd.com	f	f	2025-01-30 19:03:22.426065+06
26	pbkdf2_sha256$870000$jm1Uk4OPsansderfblN3wu$wmJcgIQ7sDY+fbY0NmeKvd8v47coixjCN1ki1fX9egg=	\N	f	test12	adf	ads	cp5osmgnfo@bltiwd.com	f	t	2025-01-30 18:59:47.426105+06
28	pbkdf2_sha256$870000$KnPwy2aYrIcqjDNnMJ0Z9Z$USSqFS9h8KQWVJgSsi3p/waNdlDU+xsI/gHKJUmG9cs=	2025-01-30 19:32:55.194975+06	f	new2	asdfvsdfsdf	DDFFDAFSDFAF	cp5osmgnfo@bltiwd.com	f	t	2025-01-30 19:27:45.609827+06
1	pbkdf2_sha256$870000$q5mGa3ZNm5KlSjh8xnCKek$m/2x8A1Gyzz0BMTStAgzmNBtMmztjQjr8VwUdVDliJk=	2025-01-30 19:33:18.008383+06	t	admin			admin@gmail.com	t	t	2025-01-28 09:57:37.366548+06
\.


--
-- Data for Name: auth_user_groups; Type: TABLE DATA; Schema: public; Owner: postgres
--

COPY public.auth_user_groups (id, user_id, group_id) FROM stdin;
\.


--
-- Data for Name: auth_user_user_permissions; Type: TABLE DATA; Schema: public; Owner: postgres
--

COPY public.auth_user_user_permissions (id, user_id, permission_id) FROM stdin;
\.


--
-- Data for Name: django_admin_log; Type: TABLE DATA; Schema: public; Owner: postgres
--

COPY public.django_admin_log (id, action_time, object_id, object_repr, action_flag, change_message, content_type_id, user_id) FROM stdin;
1	2025-01-30 10:37:43.443761+06	41	boss	1	[{"added": {}}]	7	1
2	2025-01-30 10:38:03.057177+06	42	Employee	1	[{"added": {}}]	7	1
3	2025-01-30 11:04:04.478059+06	81	create house	1	[{"added": {}}]	9	1
4	2025-01-30 11:06:37.484471+06	42	Employee	2	[]	7	1
5	2025-01-30 11:07:33.631564+06	41	boss	2	[]	7	1
6	2025-01-30 11:09:05.424546+06	82	Purchase Machine	1	[{"added": {}}]	9	1
7	2025-01-30 11:12:15.928803+06	83	zdsfg	1	[{"added": {}}]	9	1
8	2025-01-30 11:14:02.017355+06	84	afAFSFSA	1	[{"added": {}}]	9	1
9	2025-01-30 11:20:26.147885+06	85	asrsadfsd	1	[{"added": {}}]	9	1
10	2025-01-30 12:12:50.784409+06	86	sfgdgsdfgdf	1	[{"added": {}}]	9	1
11	2025-01-30 12:14:24.102729+06	42	Employee	2	[]	7	1
12	2025-01-30 12:14:36.576227+06	41	boss	2	[]	7	1
13	2025-01-30 12:15:47.594982+06	87	assdasd	1	[{"added": {}}]	9	1
14	2025-01-30 12:18:07.489889+06	88	asffasdf	1	[{"added": {}}]	9	1
15	2025-01-30 12:22:28.360319+06	89	asdfasd	1	[{"added": {}}]	9	1
16	2025-01-30 12:27:23.882446+06	90	AFASD	1	[{"added": {}}]	9	1
17	2025-01-30 12:28:15.287532+06	42	Employee	2	[{"changed": {"fields": ["Email"]}}]	7	1
18	2025-01-30 12:28:37.820122+06	41	boss	2	[{"changed": {"fields": ["Email"]}}]	7	1
19	2025-01-30 12:29:26.461422+06	91	afdasdfsfsd	1	[{"added": {}}]	9	1
20	2025-01-30 12:30:48.580695+06	92	asd	1	[{"added": {}}]	9	1
21	2025-01-30 12:33:59.436699+06	93	sgfdfdd	1	[{"added": {}}]	9	1
22	2025-01-30 12:36:59.008749+06	94	asfdsfsdaf	1	[{"added": {}}]	9	1
23	2025-01-30 12:42:25.041377+06	97	zczxc	1	[{"added": {}}]	9	1
24	2025-01-30 12:46:44.870874+06	102	adads	1	[{"added": {}}]	9	1
25	2025-01-30 13:09:35.365921+06	124	sf	1	[{"added": {}}]	9	1
26	2025-01-30 14:08:53.211281+06	102	adads	3		9	1
27	2025-01-30 14:10:41.540828+06	125	new task	3		9	1
\.


--
-- Data for Name: django_content_type; Type: TABLE DATA; Schema: public; Owner: postgres
--

COPY public.django_content_type (id, app_label, model) FROM stdin;
1	admin	logentry
2	auth	permission
3	auth	group
4	auth	user
5	contenttypes	contenttype
6	sessions	session
7	tasks	employee
8	tasks	project
9	tasks	task
10	tasks	taskdetails
\.


--
-- Data for Name: django_migrations; Type: TABLE DATA; Schema: public; Owner: postgres
--

COPY public.django_migrations (id, app, name, applied) FROM stdin;
1	contenttypes	0001_initial	2025-01-19 10:03:43.7594+06
2	auth	0001_initial	2025-01-19 10:03:43.796881+06
3	admin	0001_initial	2025-01-19 10:03:43.808573+06
4	admin	0002_logentry_remove_auto_add	2025-01-19 10:03:43.811625+06
5	admin	0003_logentry_add_action_flag_choices	2025-01-19 10:03:43.814539+06
6	contenttypes	0002_remove_content_type_name	2025-01-19 10:03:43.821737+06
7	auth	0002_alter_permission_name_max_length	2025-01-19 10:03:43.824892+06
8	auth	0003_alter_user_email_max_length	2025-01-19 10:03:43.827548+06
9	auth	0004_alter_user_username_opts	2025-01-19 10:03:43.829995+06
10	auth	0005_alter_user_last_login_null	2025-01-19 10:03:43.832614+06
11	auth	0006_require_contenttypes_0002	2025-01-19 10:03:43.833079+06
12	auth	0007_alter_validators_add_error_messages	2025-01-19 10:03:43.837675+06
13	auth	0008_alter_user_username_max_length	2025-01-19 10:03:43.842774+06
14	auth	0009_alter_user_last_name_max_length	2025-01-19 10:03:43.845982+06
15	auth	0010_alter_group_name_max_length	2025-01-19 10:03:43.849486+06
16	auth	0011_update_proxy_permissions	2025-01-19 10:03:43.852943+06
17	auth	0012_alter_user_first_name_max_length	2025-01-19 10:03:43.85611+06
18	sessions	0001_initial	2025-01-19 10:03:43.861109+06
19	tasks	0001_initial	2025-01-19 10:16:32.673532+06
20	tasks	0002_alter_task_status	2025-01-28 09:55:49.471283+06
21	tasks	0003_alter_taskdetails_task	2025-01-28 09:55:49.476656+06
22	tasks	0004_remove_taskdetails_assigned_to	2025-01-28 09:55:49.482957+06
\.


--
-- Data for Name: django_session; Type: TABLE DATA; Schema: public; Owner: postgres
--

COPY public.django_session (session_key, session_data, expire_date) FROM stdin;
0i8an8weekmsk0lbzfgdeul34th2jgn0	.eJxVjM0OwiAQhN-FsyHsQvnx6N1nICysUjU0Ke3J-O62SQ96mmS-b-YtYlqXGtfOcxyLOAsQp9-OUn5y20F5pHafZJ7aMo8kd0UetMvrVPh1Ody_g5p63dbWGs1AnrJj0ikNGBSzwsFjsOoGmoM2xQYGqz2A8sYhbRFcQafRic8Xxn02Vg:1tccjZ:t9c6qE4KUrx33FiY_t5meWYDEbw-28iJ-rt2y5cwn78	2025-02-11 09:57:53.24694+06
1jz9sk4cth3zpvpf584gz56814412uyb	e30:1tdUbk:-DmbmLLocsx7hFDHB3KDD3ofNdGXJgsWHflz6VM6ZOo	2025-02-13 19:29:24.26918+06
kbd2nk9qkx1xfwlmv5i2czinzxiqtitj	e30:1tdUc0:9wdyX-jcobbk7nLvPNy79nkW7dFSk0ygfV9nhScrPmU	2025-02-13 19:29:40.146337+06
4w54wqa1fu35iufd1q8cn6kbx1tvopzt	.eJxVjM0OwiAQhN-FsyHsQvnx6N1nICysUjU0Ke3J-O62SQ96mmS-b-YtYlqXGtfOcxyLOAsQp9-OUn5y20F5pHafZJ7aMo8kd0UetMvrVPh1Ody_g5p63dbWGs1AnrJj0ikNGBSzwsFjsOoGmoM2xQYGqz2A8sYhbRFcQafRic8Xxn02Vg:1tdUfW:bj9Mc60m9g3IIR54mruLry0j5qXbi0xuOA-Q0xVdd04	2025-02-13 19:33:18.010114+06
\.


--
-- Data for Name: tasks_employee; Type: TABLE DATA; Schema: public; Owner: postgres
--

COPY public.tasks_employee (id, name, email) FROM stdin;
1	Austin Barnes	michaelgonzales@example.com
2	Brandon Christian	broberts@example.net
3	Jessica Harris	emilysalinas@example.com
4	Nicholas Walls	davidwallace@example.com
5	Justin Serrano	tjohnson@example.net
6	Kendra Spencer	cgonzalez@example.com
7	Kristen Morgan	smithbonnie@example.net
8	Ruben Jones	hmoody@example.net
9	Nicole Miller	claytoncuevas@example.org
10	Jenna Greene	mlucero@example.net
11	Abigail Johnson	blopez@example.com
12	Misty Smith	amyhill@example.com
13	Timothy Armstrong	stephaniemitchell@example.com
14	Debbie Kelley	robert64@example.net
15	Luis Peters	hoodkristen@example.net
16	Arthur Foster	donald75@example.org
17	Angelica Jensen	barbaraalvarez@example.com
18	Cheryl Wells	robertolsen@example.net
19	Erin Jenkins	warrenmichael@example.net
20	Ryan Ross	morenoelizabeth@example.org
21	Mr. Anthony Hale	jeremiahherrera@example.org
22	Robert Lopez	bradleycampbell@example.net
23	James Watson	melissacruz@example.net
24	Elizabeth Chan	duffytina@example.net
25	Ricky Garcia MD	arodriguez@example.net
26	Crystal Christian	gregorygross@example.org
27	Kelly Gonzales	jeremy77@example.org
28	Martin Henry	cruzjohn@example.net
29	James Moore	melissa84@example.net
30	Stephanie Owen	dawnharris@example.org
31	Jonathan Bernard	stephennelson@example.com
32	April Gonzalez	iporter@example.net
33	Whitney Curry	tbarnes@example.com
34	Jeffrey Johnson	angelalandry@example.net
35	Cassandra Wade	erobles@example.net
36	Justin Flores	gatestracy@example.com
37	Alex Bradford	ehenry@example.net
38	Jill Eaton	mmanning@example.net
39	Melissa Hall	ortizkathleen@example.net
40	Michele Campbell	melinda53@example.org
42	Employee	cp5osmgnfo@bltiwd.com
41	boss	feltemorde@gufum.com
\.


--
-- Data for Name: tasks_project; Type: TABLE DATA; Schema: public; Owner: postgres
--

COPY public.tasks_project (id, name, description, start_date) FROM stdin;
1	Unleash one-to-one partnerships	Art teacher result operation more better. Son page floor evidence he ten Democrat business.	2025-01-07
2	Productize revolutionary metrics	Inside personal adult. Near economy time strong edge. Onto example walk describe hotel leg that.	2025-01-01
3	E-enable best-of-breed web-readiness	Church yeah finally share worry say. Sign suddenly figure next. Society thank parent there phone.	2025-01-14
4	Transform impactful e-tailers	Five plan home under technology color majority. Conference central call customer allow see.	2025-01-16
5	E-enable cross-media e-markets	Star teacher Republican fact environmental. Always region war own administration baby lot. Agreement another order property lot treatment section.	2025-01-17
6	Reinvent innovative e-tailers	Rule wind life whom who million weight. Wrong build group ground big also cost. Dog door same TV popular.	2025-01-06
7	Unleash interactive networks	Majority entire including. Modern into during entire. Local environment play simple treat.	2025-01-17
8	Redefine collaborative architectures	Eye race sign guess fight side best center. Focus six enough individual interview court. Detail improve head maintain. Sign shoulder heavy hair two.	2025-01-15
9	Innovate proactive functionalities	Expect before matter official. Move fast economy kind. Short first individual wind positive. Form lot explain let.	2025-01-10
10	Empower value-added info-mediaries	Tv point allow check perhaps training material. For wife how. Majority program year us huge.	2025-01-05
11	Repurpose b2c paradigms	Last only never west. Leg pressure under.	2025-01-16
12	Incubate front-end portals	Truth table sometimes hour focus day rule. Far market president no radio down.	2025-01-17
13	Enable plug-and-play roi	Mr these factor mean. Language difference office black important million.	2025-01-11
14	Benchmark clicks-and-mortar systems	Discuss what current nice recognize. Professor treat head skin moment later example example. Together ability hot popular office also interesting.	2025-01-02
15	Syndicate revolutionary platforms	Stop important contain language really least. Sound effort agency may condition despite third.	2025-01-11
16	Brand rich architectures	Central picture western great. The tell on memory arm best behind.	2025-01-08
17	Synergize open-source metrics	Apply late hair ago girl doctor item. Congress lead wife gas wait he. Situation pick long.	2025-01-04
18	Orchestrate next-generation synergies	Around magazine get land. Point prepare few enough chance first.	2025-01-10
19	Leverage leading-edge networks	Point always prove money season yard every sit. As friend just civil Mr. Around majority black student loss move.	2025-01-15
20	Matrix compelling schemas	Eye address color final detail politics. Worry foreign table degree.	2025-01-02
\.


--
-- Data for Name: tasks_task; Type: TABLE DATA; Schema: public; Owner: postgres
--

COPY public.tasks_task (id, title, description, due_date, status, is_completed, created_task, updated_at, project_id) FROM stdin;
1	Possible college now record guess.	Project high various field. Hotel administration standard type where music. Drug individual force degree open.	2025-01-06	IN_PROGRESS	f	2025-01-19 11:08:04.220883+06	2025-01-19 11:08:04.2209+06	3
2	Lead poor perform thus door avoid.	Also true wear argue ahead. Know pattern ask political clearly another yeah. Show card deep.	2025-01-01	PENDING	t	2025-01-19 11:08:04.230171+06	2025-01-19 11:08:04.230175+06	5
3	Amount investment modern require grow.	Be same prevent would choice. Television lawyer look card community bar response.	2025-01-02	IN_PROGRESS	f	2025-01-19 11:08:04.231889+06	2025-01-19 11:08:04.231893+06	5
4	Seem pick allow box difficult.	Bar smile church present perform must. For camera treat can plan push. Break majority down official.	2025-01-12	IN_PROGRESS	f	2025-01-19 11:08:04.234043+06	2025-01-19 11:08:04.234046+06	1
5	Floor person executive decision.	Improve threat act. Performance than skill throw attack bring bank. Happy join behavior personal because.	2025-01-16	PENDING	f	2025-01-19 11:08:04.236133+06	2025-01-19 11:08:04.236136+06	1
6	Network appear take unit cup how.	Benefit play reason. Age music generation interesting when character employee.	2025-01-02	COMPLETED	t	2025-01-19 11:08:04.237902+06	2025-01-19 11:08:04.237906+06	4
7	And difference move medical garden positive wrong.	Threat hope although. Color stuff space available mention present great.	2025-01-14	COMPLETED	f	2025-01-19 11:08:04.239712+06	2025-01-19 11:08:04.239716+06	5
8	Help get require area parent really key.	Check staff hot end. Star finally have half since result. Above teacher believe money those as voice. Continue people deal find them.	2025-01-06	COMPLETED	f	2025-01-19 11:08:04.241404+06	2025-01-19 11:08:04.241407+06	4
9	Mouth hit treatment represent.	Bit everybody hit that medical section. Fact firm consider at up stand. Ten positive five.	2025-01-12	IN_PROGRESS	t	2025-01-19 11:08:04.242997+06	2025-01-19 11:08:04.243+06	4
10	Hold they window something population party new.	Analysis affect travel put there international. President activity this list size drive describe who.	2025-01-01	IN_PROGRESS	t	2025-01-19 11:08:04.244481+06	2025-01-19 11:08:04.244485+06	3
11	Our history evidence analysis window.	Sing no sport expert customer nature. Little item single positive.	2025-01-07	IN_PROGRESS	t	2025-01-19 11:08:04.245944+06	2025-01-19 11:08:04.245947+06	5
12	Structure foot others cultural.	Walk old type notice measure pick consumer. Fly toward military. Bring Mrs single require area glass sort.	2025-01-03	PENDING	t	2025-01-19 11:08:04.24756+06	2025-01-19 11:08:04.247564+06	3
13	Space more front parent.	Receive power spend choice attack local. Face economy home.	2025-01-18	IN_PROGRESS	t	2025-01-19 11:08:04.249144+06	2025-01-19 11:08:04.249148+06	5
14	Understand staff beautiful range.	Require assume federal woman million. Lose drug under.	2025-01-09	COMPLETED	t	2025-01-19 11:08:04.25147+06	2025-01-19 11:08:04.251475+06	4
15	Should report threat guy.	Rock more behind capital box. Across song bit wall push key series.	2025-01-11	IN_PROGRESS	f	2025-01-19 11:08:04.253232+06	2025-01-19 11:08:04.253236+06	4
16	Them listen as suddenly teach.	Peace forget late thus it maintain. After least week go. Term treatment citizen sound.	2025-01-14	PENDING	t	2025-01-19 11:08:04.254983+06	2025-01-19 11:08:04.254987+06	2
17	Various tend position.	Market receive crime collection course. Father bank wrong billion. Watch through senior entire.	2025-01-01	PENDING	t	2025-01-19 11:08:04.256533+06	2025-01-19 11:08:04.256537+06	4
18	Wife popular site individual put.	Expert identify pay space throw attack. Interview amount left through. Around then TV ago. Recent wall appear protect local.	2025-01-06	PENDING	t	2025-01-19 11:08:04.258098+06	2025-01-19 11:08:04.258102+06	2
19	Cost effort old budget process part color.	Fine meet ever grow defense mean. Black significant career similar social.	2025-01-14	COMPLETED	t	2025-01-19 11:08:04.259624+06	2025-01-19 11:08:04.259628+06	1
20	Next provide even bit budget eye.	Section many believe run. She floor skill community I. Shoulder government force.	2025-01-16	COMPLETED	f	2025-01-19 11:08:04.261273+06	2025-01-19 11:08:04.261276+06	1
21	Establish scientist practice form view find treatment.	Happy size staff organization. Than scene child these offer choose TV. Similar music ground through.	2025-01-16	COMPLETED	f	2025-01-19 11:08:39.646759+06	2025-01-19 11:08:39.646797+06	7
22	She campaign individual else.	Nearly cause water alone father join trip. If gas fill technology family early. Almost worker fill.	2025-01-08	PENDING	f	2025-01-19 11:08:39.653999+06	2025-01-19 11:08:39.654008+06	9
23	Answer activity record group increase miss.	After Congress stuff cold family bar. Kitchen before today soldier. Official our guy often.	2025-01-16	COMPLETED	t	2025-01-19 11:08:39.657042+06	2025-01-19 11:08:39.657052+06	9
24	Government everybody develop phone.	To different claim. Century likely animal mouth lot answer. Car indeed meeting dog physical.	2025-01-08	COMPLETED	f	2025-01-19 11:08:39.659884+06	2025-01-19 11:08:39.659893+06	9
25	Different table evening while phone eat appear.	Sure quality any standard never. Mrs half lead money by nation.	2025-01-09	COMPLETED	t	2025-01-19 11:08:39.662366+06	2025-01-19 11:08:39.662376+06	10
26	The beat tax energy.	Common teach sing each arrive. Month beautiful take.	2025-01-12	PENDING	t	2025-01-19 11:08:39.665265+06	2025-01-19 11:08:39.665272+06	10
27	Alone throw myself provide.	Challenge people eight choose structure company. Pm enough serious former stuff. Traditional fine rest low beyond.	2025-01-07	COMPLETED	t	2025-01-19 11:08:39.668157+06	2025-01-19 11:08:39.668165+06	9
28	Choose onto candidate alone north group.	Big reflect high pressure remain child. Me majority population require today better bring.	2025-01-05	IN_PROGRESS	t	2025-01-19 11:08:39.67144+06	2025-01-19 11:08:39.671448+06	9
29	Respond better need force factor throughout.	Particular hot standard environmental run effect once. College imagine environmental trial go size. What radio serve personal compare.	2025-01-05	PENDING	t	2025-01-19 11:08:39.675276+06	2025-01-19 11:08:39.675285+06	10
30	Drive participant keep project.	Statement street explain beyond.	2025-01-04	COMPLETED	f	2025-01-19 11:08:39.678577+06	2025-01-19 11:08:39.678585+06	9
31	Miss role attack candidate.	Yet act several. Certain pick reality ball fall. For remember left right voice front.	2025-01-14	COMPLETED	t	2025-01-19 11:08:39.681596+06	2025-01-19 11:08:39.681603+06	7
32	Charge forward middle task read box.	Really discover no century defense. Become impact weight possible population. State but push spend. Born ball enter fight audience.	2025-01-07	COMPLETED	t	2025-01-19 11:08:39.684488+06	2025-01-19 11:08:39.684499+06	7
33	Reality fish hard test on individual set.	Beat all professor child stuff boy apply professor. Agreement audience establish popular indicate big college. Have computer want Congress.	2025-01-01	IN_PROGRESS	f	2025-01-19 11:08:39.688177+06	2025-01-19 11:08:39.688187+06	10
34	Relate couple kitchen actually something ready where.	Share social sometimes drop lawyer strong than. Area put capital action. Hit expect part save. Process cold least serious behind arrive education.	2025-01-10	PENDING	f	2025-01-19 11:08:39.691717+06	2025-01-19 11:08:39.691727+06	9
35	Beautiful stop exist statement real start.	Wish couple must perform water each. Pattern would page young follow identify similar go. Bill benefit at money agent general hotel.	2025-01-12	PENDING	f	2025-01-19 11:08:39.695219+06	2025-01-19 11:08:39.695229+06	9
36	Hospital bed second population language page.	Doctor political shake kid. Able purpose member before she. Among image sign away.	2025-01-02	PENDING	f	2025-01-19 11:08:39.699019+06	2025-01-19 11:08:39.699028+06	10
37	Walk market plant low speech friend of civil.	Table capital try front hundred effort few. Head then by culture wonder. Yes will air idea pressure.	2025-01-03	IN_PROGRESS	f	2025-01-19 11:08:39.702996+06	2025-01-19 11:08:39.703007+06	9
38	Tax threat throw social civil particularly method.	Would owner follow. Its table drop. Trouble hotel visit once the suffer election popular.	2025-01-08	COMPLETED	t	2025-01-19 11:08:39.706264+06	2025-01-19 11:08:39.706273+06	8
39	All many example door water threat.	Fact stage wait poor from. Worker century discuss model paper else yourself. Wish offer change table although respond.	2025-01-02	COMPLETED	f	2025-01-19 11:08:39.708724+06	2025-01-19 11:08:39.708732+06	10
40	Everything visit stay really language later cut decide.	Simple center one someone. Political project figure provide claim something.	2025-01-03	IN_PROGRESS	t	2025-01-19 11:08:39.713806+06	2025-01-19 11:08:39.713816+06	8
41	Hold item affect behind finish newspaper matter.	Thank four color bring your child. Size about else yet deep mother. Forward indicate thus where maybe thought.	2025-01-07	PENDING	t	2025-01-19 11:09:18.822297+06	2025-01-19 11:09:18.822316+06	11
42	Vote vote color per ask place discuss.	Perform realize I deal beat different. Just executive hour century nothing who many check.	2025-01-05	COMPLETED	f	2025-01-19 11:09:18.829366+06	2025-01-19 11:09:18.829371+06	14
43	Easy shake lose sea.	Church entire finally heart theory official. Establish bill although Mr around sit degree. Record surface within industry level approach charge.	2025-01-14	IN_PROGRESS	t	2025-01-19 11:09:18.832086+06	2025-01-19 11:09:18.832091+06	12
44	Father coach our.	Executive until election. Home in different baby book should. Hot she lead perhaps safe action.	2025-01-13	PENDING	t	2025-01-19 11:09:18.834637+06	2025-01-19 11:09:18.834641+06	15
45	Real activity ball low discussion.	Civil do hair speech memory. Machine billion cell contain expect. Reality memory everything move.	2025-01-10	COMPLETED	t	2025-01-19 11:09:18.837119+06	2025-01-19 11:09:18.837123+06	11
46	Force feel first task later.	Executive evidence difference over return produce. Least large culture. Condition lay piece employee who.	2025-01-08	COMPLETED	t	2025-01-19 11:09:18.839308+06	2025-01-19 11:09:18.839311+06	11
47	Other be part need create.	Watch hour seven according appear. By detail former. The inside pressure hotel serve.	2025-01-14	COMPLETED	t	2025-01-19 11:09:18.841843+06	2025-01-19 11:09:18.841846+06	11
48	Center instead evidence.	Reduce color fish. Reality spring gas truth win half. Safe camera finally father rock them.	2025-01-17	COMPLETED	t	2025-01-19 11:09:18.843586+06	2025-01-19 11:09:18.84359+06	13
49	Know floor ten character leader heavy.	Cause inside either evening until. Heart recognize growth occur national.	2025-01-13	COMPLETED	t	2025-01-19 11:09:18.84536+06	2025-01-19 11:09:18.845364+06	15
50	Wife unit side.	Last focus huge letter brother send. Resource follow prevent deep change occur act.	2025-01-06	PENDING	f	2025-01-19 11:09:18.847179+06	2025-01-19 11:09:18.847183+06	15
51	Course choose whatever Mr from stuff.	Unit sea wait. Computer home service Republican pattern.	2025-01-16	COMPLETED	t	2025-01-19 11:09:18.848992+06	2025-01-19 11:09:18.848996+06	11
52	Game nice property believe.	Candidate care each accept.	2025-01-07	COMPLETED	f	2025-01-19 11:09:18.851247+06	2025-01-19 11:09:18.851253+06	12
53	Put draw role tell.	Final hit future along store man the leader. Budget each allow agree bill.	2025-01-02	COMPLETED	t	2025-01-19 11:09:18.853339+06	2025-01-19 11:09:18.853343+06	12
54	Can peace growth.	Increase pattern line. Dinner responsibility show.	2025-01-14	PENDING	t	2025-01-19 11:09:18.85554+06	2025-01-19 11:09:18.855544+06	13
55	Speak wrong player upon.	Turn draw do budget least clear six. Pm tree benefit system nation sound agreement. See oil ever former various.	2025-01-17	COMPLETED	f	2025-01-19 11:09:18.857915+06	2025-01-19 11:09:18.857918+06	13
56	Away especially stock ever house.	Later into buy project election family argue PM. Treatment attention exactly compare evening challenge. Pretty foot wonder reality. Mother ability how between hold.	2025-01-14	PENDING	f	2025-01-19 11:09:18.860366+06	2025-01-19 11:09:18.86037+06	11
57	Simple six effort part movie energy.	Message truth hot news. We always body Democrat so television. Most position right father machine apply.	2025-01-03	COMPLETED	f	2025-01-19 11:09:18.862493+06	2025-01-19 11:09:18.862496+06	13
58	How individual turn deal voice.	Stuff common head season interesting. Point despite go edge blue allow marriage. Daughter inside now condition represent manage role real.	2025-01-12	IN_PROGRESS	t	2025-01-19 11:09:18.8644+06	2025-01-19 11:09:18.864404+06	15
59	Above continue respond sport.	Method outside though development third run arm. Forward second thank person finally represent least international.	2025-01-11	COMPLETED	f	2025-01-19 11:09:18.866211+06	2025-01-19 11:09:18.866215+06	15
60	Second value a.	Day including authority bit. Third little western can.	2025-01-10	COMPLETED	f	2025-01-19 11:09:18.86796+06	2025-01-19 11:09:18.867964+06	13
61	Expect radio camera use.	Car mission president eight suffer every. Ten guy yourself song radio campaign.	2025-01-11	PENDING	t	2025-01-19 12:11:07.639321+06	2025-01-19 12:11:07.639347+06	20
62	Believe current bill indeed talk.	Open glass employee instead. Less resource sound artist. Order machine pattern.	2025-01-16	PENDING	t	2025-01-19 12:11:07.653929+06	2025-01-19 12:11:07.653938+06	19
63	Issue model eye.	Design impact new really. Her view mother Democrat record goal show.	2025-01-04	COMPLETED	f	2025-01-19 12:11:07.658081+06	2025-01-19 12:11:07.65809+06	19
64	Southern look give.	Life have owner doctor page look must. Wish family raise child watch consider about. Man especially trial record.	2025-01-16	PENDING	f	2025-01-19 12:11:07.661291+06	2025-01-19 12:11:07.661298+06	20
65	Check when free relate.	Physical family reduce effect think how test. Others accept program smile tree nation Mr. Determine president result quickly year. Strong our ahead fast.	2025-01-10	COMPLETED	t	2025-01-19 12:11:07.664729+06	2025-01-19 12:11:07.664736+06	20
66	Against result fly player stage idea evidence.	Reality let quality. Author speech near turn feel accept.	2025-01-07	COMPLETED	f	2025-01-19 12:11:07.667981+06	2025-01-19 12:11:07.667988+06	16
67	Itself section sign film stop team.	Easy exist affect respond. Great above into. Almost several family tend.	2025-01-15	IN_PROGRESS	t	2025-01-19 12:11:07.670792+06	2025-01-19 12:11:07.670799+06	20
68	American current operation get describe design town.	See really one in. Strong maybe window ahead her worry question.	2025-01-02	PENDING	t	2025-01-19 12:11:07.673221+06	2025-01-19 12:11:07.673227+06	17
69	Enough minute hair it low.	Before hair anyone require million. Century cost friend artist.	2025-01-13	COMPLETED	f	2025-01-19 12:11:07.675429+06	2025-01-19 12:11:07.675434+06	19
70	Certainly gas turn recognize state radio beyond.	Treat physical simple west agree skin central assume. Evidence site vote. Involve player time it situation.	2025-01-16	COMPLETED	t	2025-01-19 12:11:07.677812+06	2025-01-19 12:11:07.677818+06	19
71	Clear address color there know cost interesting.	Crime expert dog all base. Something save get offer. Huge administration figure company fly style force.	2025-01-13	IN_PROGRESS	f	2025-01-19 12:11:07.680846+06	2025-01-19 12:11:07.680851+06	19
72	Especially shoulder wife read suggest marriage.	Official born direction task industry. Establish particularly beyond rock. Clear test truth bill although summer hear.	2025-01-03	COMPLETED	t	2025-01-19 12:11:07.683966+06	2025-01-19 12:11:07.683972+06	19
73	Office field ready space when.	Sit sister remember company. Court should at it. Difference score training wide as those medical.	2025-01-04	IN_PROGRESS	t	2025-01-19 12:11:07.686794+06	2025-01-19 12:11:07.686799+06	18
74	Run sing individual social.	Material each there outside. President indeed significant college able put research.	2025-01-10	PENDING	t	2025-01-19 12:11:07.689904+06	2025-01-19 12:11:07.689909+06	18
75	Amount free away guy senior late dream.	Campaign anything outside goal mission us green. Worry old blue Mr response and. What whole myself one require man author.	2025-01-12	PENDING	f	2025-01-19 12:11:07.692454+06	2025-01-19 12:11:07.692458+06	19
76	Need police building recently hundred plant.	Particular someone make watch wait stop box. Occur soldier government help issue he radio recently.	2025-01-16	IN_PROGRESS	f	2025-01-19 12:11:07.695059+06	2025-01-19 12:11:07.695065+06	17
77	Much around relate thank significant bank something.	Person Mr future talk. Which use one red take at better. Chance difference either however specific five know.	2025-01-04	PENDING	f	2025-01-19 12:11:07.698015+06	2025-01-19 12:11:07.698021+06	19
78	Election animal realize hit today eye.	Fast raise go give state fine since. Up daughter many off style.	2025-01-15	PENDING	f	2025-01-19 12:11:07.700811+06	2025-01-19 12:11:07.700817+06	17
79	Really yourself know amount.	Begin name people contain foot consumer. Sometimes its follow treatment. Cost statement successful.	2025-01-14	COMPLETED	t	2025-01-19 12:11:07.704885+06	2025-01-19 12:11:07.704891+06	16
80	House magazine admit ever.	Specific sit matter north.	2025-01-03	COMPLETED	t	2025-01-19 12:11:07.707849+06	2025-01-19 12:11:07.707856+06	19
81	create house	asgdsfsdf	2025-01-30	PENDING	f	2025-01-30 11:04:04.463154+06	2025-01-30 11:04:04.463167+06	1
82	Purchase Machine	zsfgsfsdf	2025-01-30	PENDING	f	2025-01-30 11:09:05.41331+06	2025-01-30 11:09:05.413322+06	1
83	zdsfg	adsfsdf	2025-01-30	PENDING	f	2025-01-30 11:12:15.915641+06	2025-01-30 11:12:15.915651+06	1
84	afAFSFSA	ASDFASSAFS	2025-01-30	PENDING	f	2025-01-30 11:14:02.008512+06	2025-01-30 11:14:02.008522+06	1
85	asrsadfsd	SDfasdfas	2025-01-30	PENDING	f	2025-01-30 11:20:26.141246+06	2025-01-30 11:20:26.141255+06	1
86	sfgdgsdfgdf	sdfgsfgdsf	2025-01-30	PENDING	f	2025-01-30 12:12:50.774437+06	2025-01-30 12:12:50.774446+06	1
87	assdasd	asdfasd	2025-01-30	PENDING	f	2025-01-30 12:15:47.588147+06	2025-01-30 12:15:47.588157+06	3
88	asffasdf	asdfsfs	2025-01-30	PENDING	f	2025-01-30 12:18:07.471151+06	2025-01-30 12:18:07.471159+06	1
89	asdfasd	asdfasdfsd	2025-01-30	PENDING	f	2025-01-30 12:22:28.338175+06	2025-01-30 12:22:28.338185+06	1
90	AFASD	afsasasdfs	2025-01-30	PENDING	f	2025-01-30 12:27:23.859772+06	2025-01-30 12:27:23.859784+06	1
91	afdasdfsfsd	sdfasdfsafs	2025-01-30	PENDING	f	2025-01-30 12:29:26.453853+06	2025-01-30 12:29:26.453863+06	4
92	asd	asdsdfsfs	2025-01-30	PENDING	f	2025-01-30 12:30:48.558167+06	2025-01-30 12:30:48.55818+06	4
93	sgfdfdd	gsdfgsdfg	2025-01-30	PENDING	f	2025-01-30 12:33:59.418588+06	2025-01-30 12:33:59.418597+06	4
94	asfdsfsdaf	asdfafsdfasd	2025-01-30	PENDING	f	2025-01-30 12:36:58.992193+06	2025-01-30 12:36:58.992205+06	5
97	zczxc	zxcvzxcv	2025-01-30	PENDING	f	2025-01-30 12:42:25.024711+06	2025-01-30 12:42:25.024722+06	1
102	adads	dsafsdf	2025-01-30	PENDING	f	2025-01-30 12:46:44.857731+06	2025-01-30 12:46:44.857739+06	1
124	sf	ffsdfgsdg	2025-01-30	PENDING	f	2025-01-30 13:09:31.667814+06	2025-01-30 13:09:31.667826+06	1
\.


--
-- Data for Name: tasks_task_assigned_to; Type: TABLE DATA; Schema: public; Owner: postgres
--

COPY public.tasks_task_assigned_to (id, task_id, employee_id) FROM stdin;
1	1	8
2	2	3
3	3	2
4	3	4
5	3	7
6	4	2
7	4	6
8	4	7
9	5	2
10	5	3
11	5	6
12	6	1
13	6	10
14	7	8
15	7	3
16	7	4
17	8	9
18	8	2
19	9	5
20	9	6
21	10	8
22	10	4
23	11	1
24	11	4
25	11	9
26	12	4
27	13	10
28	13	6
29	14	10
30	15	8
31	15	6
32	15	7
33	16	10
34	16	4
35	17	3
36	18	4
37	19	1
38	19	2
39	19	4
40	20	9
41	20	3
42	20	7
43	21	16
44	21	18
45	21	15
46	22	17
47	23	17
48	23	18
49	23	20
50	24	18
51	24	20
52	24	15
53	25	11
54	26	14
55	27	16
56	28	14
57	28	15
58	29	16
59	29	14
60	29	15
61	30	18
62	30	15
63	31	14
64	32	16
65	32	14
66	32	15
67	33	12
68	34	16
69	34	18
70	34	14
71	35	18
72	35	19
73	36	16
74	36	20
75	37	17
76	37	14
77	38	17
78	38	14
79	38	15
80	39	19
81	40	13
82	40	14
83	41	28
84	42	29
85	42	21
86	43	26
87	43	27
88	44	29
89	44	30
90	45	27
91	46	24
92	46	28
93	46	29
94	47	22
95	48	24
96	49	25
97	49	21
98	50	21
99	51	22
100	51	23
101	52	25
102	52	26
103	52	22
104	53	25
105	54	24
106	55	24
107	55	29
108	55	21
109	56	27
110	57	23
111	58	25
112	59	27
113	60	26
114	60	22
115	61	34
116	61	37
117	62	36
118	62	31
119	63	32
120	63	33
121	63	31
122	64	40
123	64	38
124	64	39
125	65	32
126	65	33
127	65	40
128	66	38
129	67	31
130	68	32
131	69	32
132	69	34
133	70	32
134	70	36
135	70	39
136	71	37
137	71	38
138	72	37
139	72	31
140	73	32
141	73	36
142	73	38
143	74	37
144	75	40
145	75	35
146	75	37
147	76	40
148	76	37
149	76	31
150	77	36
151	78	40
152	78	36
153	78	37
154	79	32
155	79	39
156	80	40
157	80	38
158	80	31
159	81	41
160	81	42
161	82	41
162	82	42
163	83	41
164	83	42
165	84	41
166	84	42
167	85	41
168	85	42
169	86	41
170	86	42
171	87	41
172	87	42
173	88	41
174	88	42
175	89	41
176	89	42
177	90	41
178	90	42
179	91	41
180	91	42
181	92	41
182	92	42
183	93	41
184	94	41
185	94	42
190	97	41
191	97	42
200	102	41
201	102	42
244	124	41
245	124	42
\.


--
-- Data for Name: tasks_taskdetails; Type: TABLE DATA; Schema: public; Owner: postgres
--

COPY public.tasks_taskdetails (id, priority, notes, task_id) FROM stdin;
1	L	Prevent magazine election than. Agency space quite scientist treat agency.	41
2	M	Fast they media outside.	42
3	M	Should table create area. Market population share service. Law herself finish safe seem major Republican professor.	43
4	H	Medical traditional and. Still far identify ground chair director.	44
5	M	Floor size class each green chair sound. Direction short computer benefit benefit tough water. Artist crime into commercial everything plant own. Cultural claim authority name not run try.	45
6	H	Suddenly paper leave cultural all future role. Dinner like respond window last possible. Rather stage long culture woman source few.	46
7	L	Low maybe adult tonight defense series. Center method character Republican become contain.	47
8	H	Look field state society near development. Parent notice friend model view hour. At religious determine economy land concern condition wish.	48
9	L	Southern firm information expert night member. Raise want writer wall indicate could computer easy. Should newspaper church form rock.	49
10	L	Middle direction news order artist information significant ready. Strategy consider provide even property example. Way in yes everyone reality.	50
11	H	Partner international window such staff admit writer.	51
12	M	Least door body receive. Compare blood election yet marriage or travel.	52
13	M	Including in movement fast third including. Actually system process whatever voice ready evening. Fear detail couple sort check.	53
14	M	Security miss study cell certain voice impact. Turn newspaper most drop. Break in source trouble recently not buy which.	54
15	L	Allow already mind eat red month. Feeling now class sense teach as full. Moment push medical foot car.	55
16	L	Management them fear body reduce. Learn television bad fly son.	56
17	L	Box black type democratic effort yard. Hit picture expert something white.	57
18	H	Begin interest democratic final management later natural. If charge tough position member.	58
19	M	Stand manage hundred lay from whose remember. Someone try miss rather husband drop research team. Result chance history what.	59
20	L	Ok grow sort people let speech. Information author truth poor wonder.	60
21	L	Ask reflect city teacher civil Republican attention. Eat appear more full TV close western.	61
22	L	Experience character former also way discover. Theory poor beat work range write happy center.	62
23	H	Customer various capital join. Situation Congress stand you never.	63
24	L	Performance when single moment card put box stuff. Create idea right our me compare. Daughter situation performance today.	64
25	L	Claim guy imagine night another pay. Recognize us instead point general allow strategy.	65
26	L	Industry project piece learn about evidence. Camera common everything white score bank face court. Realize west go each point election.	66
27	M	We song final. Listen now enough citizen beyond participant.	67
28	L	Drop radio effect design full like last. Summer throughout very movement unit. Join cause top first.	68
29	L	Region college feel price sign rule local. Listen international relationship group yet five ground soldier.	69
30	M	Word reduce one civil really require. Deal receive education lay. Here mention trip cultural still most state off.	70
31	H	Beyond start like police. Call sometimes possible speak really change. See son according. Message not leave standard low group.	71
32	L	Rise student along stage prepare similar great. Hotel bag person not when man machine.	72
33	L	Option rock name decade hear save tough.	73
34	L	No instead these concern involve professional rather. Base give popular think. Southern range collection pressure least right type child.	74
35	H	Page member weight rate mind. Effect help happy officer soon state forget when. Meet store hope collection although share step. Politics several general trouble its.	75
36	M	Fill pull evening record cultural PM. Whether different receive strategy season civil. Address anyone night thing hair hot step.	76
37	L	Majority go moment turn. Girl wait lead hold. Threat reduce training nature me skill walk. Method describe fly many.	77
38	L	About save west career air.	78
39	M	Nation local draw light important. Investment own study be everyone bag. Cultural investment while mind few benefit.	79
40	L	Sometimes manage girl good offer. Anything form within. Ground PM top budget stock others power.	80
\.


--
-- Name: auth_group_id_seq; Type: SEQUENCE SET; Schema: public; Owner: postgres
--

SELECT pg_catalog.setval('public.auth_group_id_seq', 1, false);


--
-- Name: auth_group_permissions_id_seq; Type: SEQUENCE SET; Schema: public; Owner: postgres
--

SELECT pg_catalog.setval('public.auth_group_permissions_id_seq', 1, false);


--
-- Name: auth_permission_id_seq; Type: SEQUENCE SET; Schema: public; Owner: postgres
--

SELECT pg_catalog.setval('public.auth_permission_id_seq', 40, true);


--
-- Name: auth_user_groups_id_seq; Type: SEQUENCE SET; Schema: public; Owner: postgres
--

SELECT pg_catalog.setval('public.auth_user_groups_id_seq', 1, false);


--
-- Name: auth_user_id_seq; Type: SEQUENCE SET; Schema: public; Owner: postgres
--

SELECT pg_catalog.setval('public.auth_user_id_seq', 29, true);


--
-- Name: auth_user_user_permissions_id_seq; Type: SEQUENCE SET; Schema: public; Owner: postgres
--

SELECT pg_catalog.setval('public.auth_user_user_permissions_id_seq', 1, false);


--
-- Name: django_admin_log_id_seq; Type: SEQUENCE SET; Schema: public; Owner: postgres
--

SELECT pg_catalog.setval('public.django_admin_log_id_seq', 27, true);


--
-- Name: django_content_type_id_seq; Type: SEQUENCE SET; Schema: public; Owner: postgres
--

SELECT pg_catalog.setval('public.django_content_type_id_seq', 10, true);


--
-- Name: django_migrations_id_seq; Type: SEQUENCE SET; Schema: public; Owner: postgres
--

SELECT pg_catalog.setval('public.django_migrations_id_seq', 22, true);


--
-- Name: tasks_employee_id_seq; Type: SEQUENCE SET; Schema: public; Owner: postgres
--

SELECT pg_catalog.setval('public.tasks_employee_id_seq', 42, true);


--
-- Name: tasks_project_id_seq; Type: SEQUENCE SET; Schema: public; Owner: postgres
--

SELECT pg_catalog.setval('public.tasks_project_id_seq', 20, true);


--
-- Name: tasks_task_assigned_to_id_seq; Type: SEQUENCE SET; Schema: public; Owner: postgres
--

SELECT pg_catalog.setval('public.tasks_task_assigned_to_id_seq', 247, true);


--
-- Name: tasks_task_id_seq; Type: SEQUENCE SET; Schema: public; Owner: postgres
--

SELECT pg_catalog.setval('public.tasks_task_id_seq', 125, true);


--
-- Name: tasks_taskdetails_id_seq; Type: SEQUENCE SET; Schema: public; Owner: postgres
--

SELECT pg_catalog.setval('public.tasks_taskdetails_id_seq', 41, true);


--
-- Name: auth_group auth_group_name_key; Type: CONSTRAINT; Schema: public; Owner: postgres
--

ALTER TABLE ONLY public.auth_group
    ADD CONSTRAINT auth_group_name_key UNIQUE (name);


--
-- Name: auth_group_permissions auth_group_permissions_group_id_permission_id_0cd325b0_uniq; Type: CONSTRAINT; Schema: public; Owner: postgres
--

ALTER TABLE ONLY public.auth_group_permissions
    ADD CONSTRAINT auth_group_permissions_group_id_permission_id_0cd325b0_uniq UNIQUE (group_id, permission_id);


--
-- Name: auth_group_permissions auth_group_permissions_pkey; Type: CONSTRAINT; Schema: public; Owner: postgres
--

ALTER TABLE ONLY public.auth_group_permissions
    ADD CONSTRAINT auth_group_permissions_pkey PRIMARY KEY (id);


--
-- Name: auth_group auth_group_pkey; Type: CONSTRAINT; Schema: public; Owner: postgres
--

ALTER TABLE ONLY public.auth_group
    ADD CONSTRAINT auth_group_pkey PRIMARY KEY (id);


--
-- Name: auth_permission auth_permission_content_type_id_codename_01ab375a_uniq; Type: CONSTRAINT; Schema: public; Owner: postgres
--

ALTER TABLE ONLY public.auth_permission
    ADD CONSTRAINT auth_permission_content_type_id_codename_01ab375a_uniq UNIQUE (content_type_id, codename);


--
-- Name: auth_permission auth_permission_pkey; Type: CONSTRAINT; Schema: public; Owner: postgres
--

ALTER TABLE ONLY public.auth_permission
    ADD CONSTRAINT auth_permission_pkey PRIMARY KEY (id);


--
-- Name: auth_user_groups auth_user_groups_pkey; Type: CONSTRAINT; Schema: public; Owner: postgres
--

ALTER TABLE ONLY public.auth_user_groups
    ADD CONSTRAINT auth_user_groups_pkey PRIMARY KEY (id);


--
-- Name: auth_user_groups auth_user_groups_user_id_group_id_94350c0c_uniq; Type: CONSTRAINT; Schema: public; Owner: postgres
--

ALTER TABLE ONLY public.auth_user_groups
    ADD CONSTRAINT auth_user_groups_user_id_group_id_94350c0c_uniq UNIQUE (user_id, group_id);


--
-- Name: auth_user auth_user_pkey; Type: CONSTRAINT; Schema: public; Owner: postgres
--

ALTER TABLE ONLY public.auth_user
    ADD CONSTRAINT auth_user_pkey PRIMARY KEY (id);


--
-- Name: auth_user_user_permissions auth_user_user_permissions_pkey; Type: CONSTRAINT; Schema: public; Owner: postgres
--

ALTER TABLE ONLY public.auth_user_user_permissions
    ADD CONSTRAINT auth_user_user_permissions_pkey PRIMARY KEY (id);


--
-- Name: auth_user_user_permissions auth_user_user_permissions_user_id_permission_id_14a6b632_uniq; Type: CONSTRAINT; Schema: public; Owner: postgres
--

ALTER TABLE ONLY public.auth_user_user_permissions
    ADD CONSTRAINT auth_user_user_permissions_user_id_permission_id_14a6b632_uniq UNIQUE (user_id, permission_id);


--
-- Name: auth_user auth_user_username_key; Type: CONSTRAINT; Schema: public; Owner: postgres
--

ALTER TABLE ONLY public.auth_user
    ADD CONSTRAINT auth_user_username_key UNIQUE (username);


--
-- Name: django_admin_log django_admin_log_pkey; Type: CONSTRAINT; Schema: public; Owner: postgres
--

ALTER TABLE ONLY public.django_admin_log
    ADD CONSTRAINT django_admin_log_pkey PRIMARY KEY (id);


--
-- Name: django_content_type django_content_type_app_label_model_76bd3d3b_uniq; Type: CONSTRAINT; Schema: public; Owner: postgres
--

ALTER TABLE ONLY public.django_content_type
    ADD CONSTRAINT django_content_type_app_label_model_76bd3d3b_uniq UNIQUE (app_label, model);


--
-- Name: django_content_type django_content_type_pkey; Type: CONSTRAINT; Schema: public; Owner: postgres
--

ALTER TABLE ONLY public.django_content_type
    ADD CONSTRAINT django_content_type_pkey PRIMARY KEY (id);


--
-- Name: django_migrations django_migrations_pkey; Type: CONSTRAINT; Schema: public; Owner: postgres
--

ALTER TABLE ONLY public.django_migrations
    ADD CONSTRAINT django_migrations_pkey PRIMARY KEY (id);


--
-- Name: django_session django_session_pkey; Type: CONSTRAINT; Schema: public; Owner: postgres
--

ALTER TABLE ONLY public.django_session
    ADD CONSTRAINT django_session_pkey PRIMARY KEY (session_key);


--
-- Name: tasks_employee tasks_employee_email_key; Type: CONSTRAINT; Schema: public; Owner: postgres
--

ALTER TABLE ONLY public.tasks_employee
    ADD CONSTRAINT tasks_employee_email_key UNIQUE (email);


--
-- Name: tasks_employee tasks_employee_pkey; Type: CONSTRAINT; Schema: public; Owner: postgres
--

ALTER TABLE ONLY public.tasks_employee
    ADD CONSTRAINT tasks_employee_pkey PRIMARY KEY (id);


--
-- Name: tasks_project tasks_project_pkey; Type: CONSTRAINT; Schema: public; Owner: postgres
--

ALTER TABLE ONLY public.tasks_project
    ADD CONSTRAINT tasks_project_pkey PRIMARY KEY (id);


--
-- Name: tasks_task_assigned_to tasks_task_assigned_to_pkey; Type: CONSTRAINT; Schema: public; Owner: postgres
--

ALTER TABLE ONLY public.tasks_task_assigned_to
    ADD CONSTRAINT tasks_task_assigned_to_pkey PRIMARY KEY (id);


--
-- Name: tasks_task_assigned_to tasks_task_assigned_to_task_id_employee_id_fd90f140_uniq; Type: CONSTRAINT; Schema: public; Owner: postgres
--

ALTER TABLE ONLY public.tasks_task_assigned_to
    ADD CONSTRAINT tasks_task_assigned_to_task_id_employee_id_fd90f140_uniq UNIQUE (task_id, employee_id);


--
-- Name: tasks_task tasks_task_pkey; Type: CONSTRAINT; Schema: public; Owner: postgres
--

ALTER TABLE ONLY public.tasks_task
    ADD CONSTRAINT tasks_task_pkey PRIMARY KEY (id);


--
-- Name: tasks_taskdetails tasks_taskdetails_pkey; Type: CONSTRAINT; Schema: public; Owner: postgres
--

ALTER TABLE ONLY public.tasks_taskdetails
    ADD CONSTRAINT tasks_taskdetails_pkey PRIMARY KEY (id);


--
-- Name: tasks_taskdetails tasks_taskdetails_task_id_key; Type: CONSTRAINT; Schema: public; Owner: postgres
--

ALTER TABLE ONLY public.tasks_taskdetails
    ADD CONSTRAINT tasks_taskdetails_task_id_key UNIQUE (task_id);


--
-- Name: auth_group_name_a6ea08ec_like; Type: INDEX; Schema: public; Owner: postgres
--

CREATE INDEX auth_group_name_a6ea08ec_like ON public.auth_group USING btree (name varchar_pattern_ops);


--
-- Name: auth_group_permissions_group_id_b120cbf9; Type: INDEX; Schema: public; Owner: postgres
--

CREATE INDEX auth_group_permissions_group_id_b120cbf9 ON public.auth_group_permissions USING btree (group_id);


--
-- Name: auth_group_permissions_permission_id_84c5c92e; Type: INDEX; Schema: public; Owner: postgres
--

CREATE INDEX auth_group_permissions_permission_id_84c5c92e ON public.auth_group_permissions USING btree (permission_id);


--
-- Name: auth_permission_content_type_id_2f476e4b; Type: INDEX; Schema: public; Owner: postgres
--

CREATE INDEX auth_permission_content_type_id_2f476e4b ON public.auth_permission USING btree (content_type_id);


--
-- Name: auth_user_groups_group_id_97559544; Type: INDEX; Schema: public; Owner: postgres
--

CREATE INDEX auth_user_groups_group_id_97559544 ON public.auth_user_groups USING btree (group_id);


--
-- Name: auth_user_groups_user_id_6a12ed8b; Type: INDEX; Schema: public; Owner: postgres
--

CREATE INDEX auth_user_groups_user_id_6a12ed8b ON public.auth_user_groups USING btree (user_id);


--
-- Name: auth_user_user_permissions_permission_id_1fbb5f2c; Type: INDEX; Schema: public; Owner: postgres
--

CREATE INDEX auth_user_user_permissions_permission_id_1fbb5f2c ON public.auth_user_user_permissions USING btree (permission_id);


--
-- Name: auth_user_user_permissions_user_id_a95ead1b; Type: INDEX; Schema: public; Owner: postgres
--

CREATE INDEX auth_user_user_permissions_user_id_a95ead1b ON public.auth_user_user_permissions USING btree (user_id);


--
-- Name: auth_user_username_6821ab7c_like; Type: INDEX; Schema: public; Owner: postgres
--

CREATE INDEX auth_user_username_6821ab7c_like ON public.auth_user USING btree (username varchar_pattern_ops);


--
-- Name: django_admin_log_content_type_id_c4bce8eb; Type: INDEX; Schema: public; Owner: postgres
--

CREATE INDEX django_admin_log_content_type_id_c4bce8eb ON public.django_admin_log USING btree (content_type_id);


--
-- Name: django_admin_log_user_id_c564eba6; Type: INDEX; Schema: public; Owner: postgres
--

CREATE INDEX django_admin_log_user_id_c564eba6 ON public.django_admin_log USING btree (user_id);


--
-- Name: django_session_expire_date_a5c62663; Type: INDEX; Schema: public; Owner: postgres
--

CREATE INDEX django_session_expire_date_a5c62663 ON public.django_session USING btree (expire_date);


--
-- Name: django_session_session_key_c0390e0f_like; Type: INDEX; Schema: public; Owner: postgres
--

CREATE INDEX django_session_session_key_c0390e0f_like ON public.django_session USING btree (session_key varchar_pattern_ops);


--
-- Name: tasks_employee_email_c2e2632b_like; Type: INDEX; Schema: public; Owner: postgres
--

CREATE INDEX tasks_employee_email_c2e2632b_like ON public.tasks_employee USING btree (email varchar_pattern_ops);


--
-- Name: tasks_task_assigned_to_employee_id_f8efdb8a; Type: INDEX; Schema: public; Owner: postgres
--

CREATE INDEX tasks_task_assigned_to_employee_id_f8efdb8a ON public.tasks_task_assigned_to USING btree (employee_id);


--
-- Name: tasks_task_assigned_to_task_id_daf1a7ac; Type: INDEX; Schema: public; Owner: postgres
--

CREATE INDEX tasks_task_assigned_to_task_id_daf1a7ac ON public.tasks_task_assigned_to USING btree (task_id);


--
-- Name: tasks_task_project_id_a2815f0c; Type: INDEX; Schema: public; Owner: postgres
--

CREATE INDEX tasks_task_project_id_a2815f0c ON public.tasks_task USING btree (project_id);


--
-- Name: auth_group_permissions auth_group_permissio_permission_id_84c5c92e_fk_auth_perm; Type: FK CONSTRAINT; Schema: public; Owner: postgres
--

ALTER TABLE ONLY public.auth_group_permissions
    ADD CONSTRAINT auth_group_permissio_permission_id_84c5c92e_fk_auth_perm FOREIGN KEY (permission_id) REFERENCES public.auth_permission(id) DEFERRABLE INITIALLY DEFERRED;


--
-- Name: auth_group_permissions auth_group_permissions_group_id_b120cbf9_fk_auth_group_id; Type: FK CONSTRAINT; Schema: public; Owner: postgres
--

ALTER TABLE ONLY public.auth_group_permissions
    ADD CONSTRAINT auth_group_permissions_group_id_b120cbf9_fk_auth_group_id FOREIGN KEY (group_id) REFERENCES public.auth_group(id) DEFERRABLE INITIALLY DEFERRED;


--
-- Name: auth_permission auth_permission_content_type_id_2f476e4b_fk_django_co; Type: FK CONSTRAINT; Schema: public; Owner: postgres
--

ALTER TABLE ONLY public.auth_permission
    ADD CONSTRAINT auth_permission_content_type_id_2f476e4b_fk_django_co FOREIGN KEY (content_type_id) REFERENCES public.django_content_type(id) DEFERRABLE INITIALLY DEFERRED;


--
-- Name: auth_user_groups auth_user_groups_group_id_97559544_fk_auth_group_id; Type: FK CONSTRAINT; Schema: public; Owner: postgres
--

ALTER TABLE ONLY public.auth_user_groups
    ADD CONSTRAINT auth_user_groups_group_id_97559544_fk_auth_group_id FOREIGN KEY (group_id) REFERENCES public.auth_group(id) DEFERRABLE INITIALLY DEFERRED;


--
-- Name: auth_user_groups auth_user_groups_user_id_6a12ed8b_fk_auth_user_id; Type: FK CONSTRAINT; Schema: public; Owner: postgres
--

ALTER TABLE ONLY public.auth_user_groups
    ADD CONSTRAINT auth_user_groups_user_id_6a12ed8b_fk_auth_user_id FOREIGN KEY (user_id) REFERENCES public.auth_user(id) DEFERRABLE INITIALLY DEFERRED;


--
-- Name: auth_user_user_permissions auth_user_user_permi_permission_id_1fbb5f2c_fk_auth_perm; Type: FK CONSTRAINT; Schema: public; Owner: postgres
--

ALTER TABLE ONLY public.auth_user_user_permissions
    ADD CONSTRAINT auth_user_user_permi_permission_id_1fbb5f2c_fk_auth_perm FOREIGN KEY (permission_id) REFERENCES public.auth_permission(id) DEFERRABLE INITIALLY DEFERRED;


--
-- Name: auth_user_user_permissions auth_user_user_permissions_user_id_a95ead1b_fk_auth_user_id; Type: FK CONSTRAINT; Schema: public; Owner: postgres
--

ALTER TABLE ONLY public.auth_user_user_permissions
    ADD CONSTRAINT auth_user_user_permissions_user_id_a95ead1b_fk_auth_user_id FOREIGN KEY (user_id) REFERENCES public.auth_user(id) DEFERRABLE INITIALLY DEFERRED;


--
-- Name: django_admin_log django_admin_log_content_type_id_c4bce8eb_fk_django_co; Type: FK CONSTRAINT; Schema: public; Owner: postgres
--

ALTER TABLE ONLY public.django_admin_log
    ADD CONSTRAINT django_admin_log_content_type_id_c4bce8eb_fk_django_co FOREIGN KEY (content_type_id) REFERENCES public.django_content_type(id) DEFERRABLE INITIALLY DEFERRED;


--
-- Name: django_admin_log django_admin_log_user_id_c564eba6_fk_auth_user_id; Type: FK CONSTRAINT; Schema: public; Owner: postgres
--

ALTER TABLE ONLY public.django_admin_log
    ADD CONSTRAINT django_admin_log_user_id_c564eba6_fk_auth_user_id FOREIGN KEY (user_id) REFERENCES public.auth_user(id) DEFERRABLE INITIALLY DEFERRED;


--
-- Name: tasks_task_assigned_to tasks_task_assigned__employee_id_f8efdb8a_fk_tasks_emp; Type: FK CONSTRAINT; Schema: public; Owner: postgres
--

ALTER TABLE ONLY public.tasks_task_assigned_to
    ADD CONSTRAINT tasks_task_assigned__employee_id_f8efdb8a_fk_tasks_emp FOREIGN KEY (employee_id) REFERENCES public.tasks_employee(id) DEFERRABLE INITIALLY DEFERRED;


--
-- Name: tasks_task_assigned_to tasks_task_assigned_to_task_id_daf1a7ac_fk_tasks_task_id; Type: FK CONSTRAINT; Schema: public; Owner: postgres
--

ALTER TABLE ONLY public.tasks_task_assigned_to
    ADD CONSTRAINT tasks_task_assigned_to_task_id_daf1a7ac_fk_tasks_task_id FOREIGN KEY (task_id) REFERENCES public.tasks_task(id) DEFERRABLE INITIALLY DEFERRED;


--
-- Name: tasks_task tasks_task_project_id_a2815f0c_fk_tasks_project_id; Type: FK CONSTRAINT; Schema: public; Owner: postgres
--

ALTER TABLE ONLY public.tasks_task
    ADD CONSTRAINT tasks_task_project_id_a2815f0c_fk_tasks_project_id FOREIGN KEY (project_id) REFERENCES public.tasks_project(id) DEFERRABLE INITIALLY DEFERRED;


--
-- Name: tasks_taskdetails tasks_taskdetails_task_id_c30522e4_fk_tasks_task_id; Type: FK CONSTRAINT; Schema: public; Owner: postgres
--

ALTER TABLE ONLY public.tasks_taskdetails
    ADD CONSTRAINT tasks_taskdetails_task_id_c30522e4_fk_tasks_task_id FOREIGN KEY (task_id) REFERENCES public.tasks_task(id) DEFERRABLE INITIALLY DEFERRED;


--
-- PostgreSQL database dump complete
--

